,Date,Day,Territory,Menu Item,Price (VND),Price (USD),Category,Menu
1,2023/10/26,Thu,Vietnam,Deal BIC Craving (4 Items),78000.00,3.19,Promotions,Regular
2,2023/10/26,Thu,Vietnam,Deal BIC Craving (7 Items),159000.00,6.50,Promotions,Regular
3,2023/10/26,Thu,Vietnam,McRoyal w Cheese,104000.00,4.25,Promotions,Regular
4,2023/10/26,Thu,Vietnam,Double Cheeseburger,89000.00,3.64,Promotions,Regular
5,2023/10/26,Thu,Vietnam,Triple Cheeseburger,114000.00,4.66,Promotions,Regular
6,2023/10/26,Thu,Vietnam,Deal BIC Craving (4 Items),78000.00,3.19,Promotions,Breakfast
7,2023/10/26,Thu,Vietnam,Deal BIC Craving (7 Items),159000.00,6.50,Promotions,Breakfast
8,2023/10/26,Thu,Vietnam,McRoyal w Cheese,104000.00,4.25,Promotions,Breakfast
9,2023/10/26,Thu,Vietnam,Double Cheeseburger,89000.00,3.64,Promotions,Breakfast
10,2023/10/26,Thu,Vietnam,Triple Cheeseburger,114000.00,4.66,Promotions,Breakfast
11,2023/10/26,Thu,Vietnam,Combo for 2 – A,141000.00,5.76,Combo,Regular
12,2023/10/26,Thu,Vietnam,Combo for 2 – B,189000.00,7.72,Combo,Regular
13,2023/10/26,Thu,Vietnam,Combo for 2 – C,199000.00,8.13,Combo,Regular
14,2023/10/26,Thu,Vietnam,Combo for 3 – A,289000.00,11.81,Combo,Regular
15,2023/10/26,Thu,Vietnam,Combo for 3 – B,299000.00,12.22,Combo,Regular
16,2023/10/26,Thu,Vietnam,Cheeseburger Happy Meal,79000.00,3.23,Happy Meals,Regular
17,2023/10/26,Thu,Vietnam,Fried Chicken Happy Meal,79000.00,3.23,Happy Meals,Regular
18,2023/10/26,Thu,Vietnam,4pcs Chicken McNuggets Happy Meal,79000.00,3.23,Happy Meals,Regular
19,2023/10/26,Thu,Vietnam,Chicken Burger Happy Meal,79000.00,3.23,Happy Meals,Regular
20,2023/10/26,Thu,Vietnam,Sausage Burger Happy Meal,79000.00,3.23,Happy Meals,Regular
21,2023/10/26,Thu,Vietnam,2 pcs Fried Chicken EVM,99000.00,4.05,Tuesday - Chicken Day,Regular
22,2023/10/26,Thu,Vietnam,Cheeseburger Deluxe,79000.00,3.23,Thursday – Buy 1 Get 1 Burger,Regular
23,2023/10/26,Thu,Vietnam,Double Cheeseburger,89000.00,3.64,Thursday – Buy 1 Get 1 Burger,Regular
24,2023/10/26,Thu,Vietnam,Big Mac,104000.00,4.25,Thursday – Buy 1 Get 1 Burger,Regular
25,2023/10/26,Thu,Vietnam,McRoyal w Cheese,104000.00,4.25,Thursday – Buy 1 Get 1 Burger,Regular
26,2023/10/26,Thu,Vietnam,McRoyal Deluxe,114000.00,4.66,Thursday – Buy 1 Get 1 Burger,Regular
27,2023/10/26,Thu,Vietnam,McChicken,89000.00,3.64,Thursday – Buy 1 Get 1 Burger,Regular
28,2023/10/26,Thu,Vietnam,McSpicy Deluxe,114000.00,4.66,Thursday – Buy 1 Get 1 Burger,Regular
29,2023/10/26,Thu,Vietnam,McChicken Deluxe,99000.00,4.05,Thursday – Buy 1 Get 1 Burger,Regular
30,2023/10/26,Thu,Vietnam,Filet - O - Fish,79000.00,3.23,Thursday – Buy 1 Get 1 Burger,Regular
31,2023/10/26,Thu,Vietnam,Double McChicken,126000.00,5.15,Thursday – Buy 1 Get 1 Burger,Regular
32,2023/10/26,Thu,Vietnam,Double McRoyal w Cheese,136000.00,5.56,Thursday – Buy 1 Get 1 Burger,Regular
33,2023/10/26,Thu,Vietnam,Double Filet O Fish,104000.00,4.25,Thursday – Buy 1 Get 1 Burger,Regular
34,2023/10/26,Thu,Vietnam,Triple Cheeseburger,92000.00,3.76,Secret Menu,Regular
35,2023/10/26,Thu,Vietnam,Double McChicken,101000.00,4.13,Secret Menu,Regular
36,2023/10/26,Thu,Vietnam,Double McRoyal w Cheese,116000.00,4.74,Secret Menu,Regular
37,2023/10/26,Thu,Vietnam,Double Filet O Fish,85000.00,3.47,Secret Menu,Regular
38,2023/10/26,Thu,Vietnam,1 pc Fried Chicken,39000.00,1.59,Fried Chicken,Regular
39,2023/10/26,Thu,Vietnam,1 pc Fried Chicken EVM,73000.00,2.98,Fried Chicken,Regular
40,2023/10/26,Thu,Vietnam,2 pcs Fried Chicken EVM,99000.00,4.05,Fried Chicken,Regular
41,2023/10/26,Thu,Vietnam,3 pcs Fried Chicken,109000.00,4.45,Fried Chicken,Regular
42,2023/10/26,Thu,Vietnam,5 pcs Fried Chicken,179000.00,7.32,Fried Chicken,Regular
43,2023/10/26,Thu,Vietnam,9 pcs Fried Chicken,299000.00,12.22,Fried Chicken,Regular
44,2023/10/26,Thu,Vietnam,6pcs Chicken McNuggets,59000.00,2.41,Fried Chicken,Regular
45,2023/10/26,Thu,Vietnam,3pcs Chicken McWings,75000.00,3.07,Fried Chicken,Regular
46,2023/10/26,Thu,Vietnam,9pcs Chicken McNuggets,79000.00,3.23,Fried Chicken,Regular
47,2023/10/26,Thu,Vietnam,6pcs Chicken McWings,135000.00,5.52,Fried Chicken,Regular
48,2023/10/26,Thu,Vietnam,20pcs Chicken McNuggets ,129000.00,5.27,Fried Chicken,Regular
49,2023/10/26,Thu,Vietnam,10pcs Chicken McWings ,191000.00,7.81,Fried Chicken,Regular
50,2023/10/26,Thu,Vietnam,Cheeseburger Deluxe,59000.00,2.41,Beef Burger,Regular
51,2023/10/26,Thu,Vietnam,Big Mac,79000.00,3.23,Beef Burger,Regular
52,2023/10/26,Thu,Vietnam,Double Cheeseburger,69000.00,2.82,Beef Burger,Regular
53,2023/10/26,Thu,Vietnam,McRoyal Deluxe,92000.00,3.76,Beef Burger,Regular
54,2023/10/26,Thu,Vietnam,McRoyal w Cheese,82000.00,3.35,Beef Burger,Regular
55,2023/10/26,Thu,Vietnam,Cheeseburger,49000.00,2.00,Beef Burger,Regular
56,2023/10/26,Thu,Vietnam,Hamburger,39000.00,1.59,Beef Burger,Regular
57,2023/10/26,Thu,Vietnam,McSpicy Deluxe,92000.00,3.76,Chicken & Fish Burger,Regular
58,2023/10/26,Thu,Vietnam,Filet O Fish,59000.00,2.41,Chicken & Fish Burger,Regular
59,2023/10/26,Thu,Vietnam,McChicken Deluxe,79000.00,3.23,Chicken & Fish Burger,Regular
60,2023/10/26,Thu,Vietnam,McChicken,69000.00,2.82,Chicken & Fish Burger,Regular
61,2023/10/26,Thu,Vietnam,Chicken Burger,39000.00,1.59,Chicken & Fish Burger,Regular
62,2023/10/26,Thu,Vietnam,Garlic Fish Sauce Fried Chicken Rice,63000.00,2.57,Rice,Regular
63,2023/10/26,Thu,Vietnam,2pc Garlic Fish Sauce Fried Chicken Rice,89000.00,3.64,Rice,Regular
64,2023/10/26,Thu,Vietnam,2pc Fried Chicken Rice,79000.00,3.23,Rice,Regular
65,2023/10/26,Thu,Vietnam,1pc Fried Chicken Rice,53000.00,2.17,Rice,Regular
66,2023/10/26,Thu,Vietnam,Shake Shake Salad,39000.00,1.59,Snacks/Sides,Regular
67,2023/10/26,Thu,Vietnam,World Famous Fries ,23000.00,0.94,Snacks/Sides,Regular
68,2023/10/26,Thu,Vietnam,Sweet Corn,19000.00,0.78,Snacks/Sides,Regular
69,2023/10/26,Thu,Vietnam,6pcs Chicken McNuggets,59000.00,2.41,Snacks/Sides,Regular
70,2023/10/26,Thu,Vietnam,Cheeseburger,49000.00,2.00,Snacks/Sides,Regular
71,2023/10/26,Thu,Vietnam,Hamburger,39000.00,1.59,Snacks/Sides,Regular
72,2023/10/26,Thu,Vietnam,Chicken Burger,39000.00,1.59,Snacks/Sides,Regular
73,2023/10/26,Thu,Vietnam,Sausage Burger,39000.00,1.59,Snacks/Sides,Regular
74,2023/10/26,Thu,Vietnam,Tall Iced Bac Siu,39000.00,1.59,Beverages,Regular
75,2023/10/26,Thu,Vietnam,Salted Calamansi Apricot Tall,45000.00,1.84,Beverages,Regular
76,2023/10/26,Thu,Vietnam,Coca-Cola,21000.00,0.86,Beverages,Regular
77,2023/10/26,Thu,Vietnam,Dasani water,26000.00,1.06,Beverages,Regular
78,2023/10/26,Thu,Vietnam,Sprite,21000.00,0.86,Beverages,Regular
79,2023/10/26,Thu,Vietnam,Fanta,21000.00,0.86,Beverages,Regular
80,2023/10/26,Thu,Vietnam,Milo,26000.00,1.06,Beverages,Regular
81,2023/10/26,Thu,Vietnam,Peach Tea,59000.00,2.41,Beverages,Regular
82,2023/10/26,Thu,Vietnam,Milk Cream Tea,59000.00,2.41,Beverages,Regular
83,2023/10/26,Thu,Vietnam,Lychee Black Tea,59000.00,2.41,Beverages,Regular
84,2023/10/26,Thu,Vietnam,Matcha Frappe,89000.00,3.64,Beverages,Regular
85,2023/10/26,Thu,Vietnam,Hot Matcha Latte,65000.00,2.66,Beverages,Regular
86,2023/10/26,Thu,Vietnam,Hot Chocolate,59000.00,2.41,Beverages,Regular
87,2023/10/26,Thu,Vietnam,Iced Latte,65000.00,2.66,Beverages,Regular
88,2023/10/26,Thu,Vietnam,Hot Latte,59000.00,2.41,Beverages,Regular
89,2023/10/26,Thu,Vietnam,Cappuccino,59000.00,2.41,Beverages,Regular
90,2023/10/26,Thu,Vietnam,Mocha,69000.00,2.82,Beverages,Regular
91,2023/10/26,Thu,Vietnam,Mocha Frappe,79000.00,3.23,Beverages,Regular
92,2023/10/26,Thu,Vietnam,Americano,49000.00,2.00,Beverages,Regular
93,2023/10/26,Thu,Vietnam,Iced Americano,49000.00,2.00,Beverages,Regular
94,2023/10/26,Thu,Vietnam,Caramel Frappe,79000.00,3.23,Beverages,Regular
95,2023/10/26,Thu,Vietnam,Iced Vietnamese White Coffee,39000.00,1.59,Beverages,Regular
96,2023/10/26,Thu,Vietnam,Iced Vietnamese Black,39000.00,1.59,Beverages,Regular
97,2023/10/26,Thu,Vietnam,Salted Calamansi Apricot Tall,45000.00,1.84,McCAFÉ,Regular
98,2023/10/26,Thu,Vietnam,Hot Latte,59000.00,2.41,McCAFÉ,Regular
99,2023/10/26,Thu,Vietnam,Iced Latte,65000.00,2.66,McCAFÉ,Regular
100,2023/10/26,Thu,Vietnam,Iced Americano,49000.00,2.00,McCAFÉ,Regular
101,2023/10/26,Thu,Vietnam,Iced Vietnamese Black,39000.00,1.59,McCAFÉ,Regular
102,2023/10/26,Thu,Vietnam,Iced Vietnamese White Coffee,39000.00,1.59,McCAFÉ,Regular
103,2023/10/26,Thu,Vietnam,Tall Iced Bac Siu,39000.00,1.59,McCAFÉ,Regular
104,2023/10/26,Thu,Vietnam,Yogurt Strawberry,65000.00,2.66,McCAFÉ,Regular
105,2023/10/26,Thu,Vietnam,Kiwi Yogurt,65000.00,2.66,McCAFÉ,Regular
106,2023/10/26,Thu,Vietnam,Iced Mocha,69000.00,2.82,McCAFÉ,Regular
107,2023/10/26,Thu,Vietnam,Lychee Black Tea,59000.00,2.41,McCAFÉ,Regular
108,2023/10/26,Thu,Vietnam,Milk Cream Tea,59000.00,2.41,McCAFÉ,Regular
109,2023/10/26,Thu,Vietnam,Peach Tea,59000.00,2.41,McCAFÉ,Regular
110,2023/10/26,Thu,Vietnam,Matcha Frappe,89000.00,3.64,McCAFÉ,Regular
111,2023/10/26,Thu,Vietnam,Hot Matcha Latte,65000.00,2.66,McCAFÉ,Regular
112,2023/10/26,Thu,Vietnam,Hot Chocolate,59000.00,2.41,McCAFÉ,Regular
113,2023/10/26,Thu,Vietnam,Cappuccino,59000.00,2.41,McCAFÉ,Regular
114,2023/10/26,Thu,Vietnam,Mocha,69000.00,2.82,McCAFÉ,Regular
115,2023/10/26,Thu,Vietnam,Mocha Frappe,79000.00,3.23,McCAFÉ,Regular
116,2023/10/26,Thu,Vietnam,Americano,49000.00,2.00,McCAFÉ,Regular
117,2023/10/26,Thu,Vietnam,Caramel Frappe,79000.00,3.23,McCAFÉ,Regular
118,2023/10/26,Thu,Vietnam,Butter Croissant,35000.00,1.43,Dessert,Regular
119,2023/10/26,Thu,Vietnam,Matcha Oreo McFlurry,47000.00,1.92,Dessert,Regular
120,2023/10/26,Thu,Vietnam,Oreo McFlurry,45000.00,1.84,Dessert,Regular
121,2023/10/26,Thu,Vietnam,Sundae Hot Fudge,35000.00,1.43,Dessert,Regular
122,2023/10/26,Thu,Vietnam,Sundae Strawberry,35000.00,1.43,Dessert,Regular
123,2023/10/26,Thu,Vietnam,Tiramisu,55000.00,2.25,Dessert,Regular
124,2023/10/26,Thu,Vietnam,Baked CheeseCake,37000.00,1.51,Dessert,Regular
125,2023/10/26,Thu,Vietnam,Blueberry Cheese Cake,37000.00,1.51,Dessert,Regular
126,2023/10/26,Thu,Vietnam,Banana Muffin,35000.00,1.43,Dessert,Regular
127,2023/10/26,Thu,Vietnam,Choco Brownie,35000.00,1.43,Dessert,Regular
128,2023/10/26,Thu,Vietnam,Chocolate Chip Cookie,29000.00,1.19,Dessert,Regular
129,2023/10/26,Thu,Vietnam,Coconut Macaroons 2Pc,25000.00,1.02,Dessert,Regular
130,2023/10/26,Thu,Vietnam,Coconut Macaroon,15000.00,0.61,Dessert,Regular
131,2023/10/26,Thu,Vietnam,2 packs of ketchup,4000.00,0.16,Condiment,Regular
132,2023/10/26,Thu,Vietnam,2 Packs of Sweet Chili,4000.00,0.16,Condiment,Regular
133,2023/10/26,Thu,Vietnam,2 packs of mayonnaise,4000.00,0.16,Condiment,Regular
134,2023/10/26,Thu,Vietnam,2 packs of spicy garlic chili sauce,4000.00,0.16,Condiment,Regular
135,2023/10/26,Thu,Vietnam,Combo for 2 – A,141000.00,5.76,Combo,Breakfast
136,2023/10/26,Thu,Vietnam,Combo for 2 – B,189000.00,7.72,Combo,Breakfast
137,2023/10/26,Thu,Vietnam,Combo for 2 – C,199000.00,8.13,Combo,Breakfast
138,2023/10/26,Thu,Vietnam,Combo for 3 – A,289000.00,11.81,Combo,Breakfast
139,2023/10/26,Thu,Vietnam,Combo for 3 – B,299000.00,12.22,Combo,Breakfast
140,2023/10/26,Thu,Vietnam,Cheeseburger Happy Meal,79000.00,3.23,Happy Meals,Breakfast
141,2023/10/26,Thu,Vietnam,Fried Chicken Happy Meal,79000.00,3.23,Happy Meals,Breakfast
142,2023/10/26,Thu,Vietnam,4pcs Chicken McNuggets Happy Meal,79000.00,3.23,Happy Meals,Breakfast
143,2023/10/26,Thu,Vietnam,Chicken Burger Happy Meal,79000.00,3.23,Happy Meals,Breakfast
144,2023/10/26,Thu,Vietnam,Sausage Burger Happy Meal,79000.00,3.23,Happy Meals,Breakfast
145,2023/10/26,Thu,Vietnam,Shake Shake Salad,39000.00,1.59,Main menu,Breakfast
146,2023/10/26,Thu,Vietnam,Tall Iced Bac Siu,39000.00,1.59,Beverages,Breakfast
147,2023/10/26,Thu,Vietnam,Salted Calamansi Apricot Tall,45000.00,1.84,Beverages,Breakfast
148,2023/10/26,Thu,Vietnam,Coca-Cola,21000.00,0.86,Beverages,Breakfast
149,2023/10/26,Thu,Vietnam,Dasani water,26000.00,1.06,Beverages,Breakfast
150,2023/10/26,Thu,Vietnam,Sprite,21000.00,0.86,Beverages,Breakfast
151,2023/10/26,Thu,Vietnam,Fanta,21000.00,0.86,Beverages,Breakfast
152,2023/10/26,Thu,Vietnam,Milo,26000.00,1.06,Beverages,Breakfast
153,2023/10/26,Thu,Vietnam,Peach Tea,59000.00,2.41,Beverages,Breakfast
154,2023/10/26,Thu,Vietnam,Milk Cream Tea,59000.00,2.41,Beverages,Breakfast
155,2023/10/26,Thu,Vietnam,Lychee Black Tea,59000.00,2.41,Beverages,Breakfast
156,2023/10/26,Thu,Vietnam,Matcha Frappe,89000.00,3.64,Beverages,Breakfast
157,2023/10/26,Thu,Vietnam,Hot Matcha Latte,65000.00,2.66,Beverages,Breakfast
158,2023/10/26,Thu,Vietnam,Hot Chocolate,59000.00,2.41,Beverages,Breakfast
159,2023/10/26,Thu,Vietnam,Iced Latte,65000.00,2.66,Beverages,Breakfast
160,2023/10/26,Thu,Vietnam,Hot Latte,59000.00,2.41,Beverages,Breakfast
161,2023/10/26,Thu,Vietnam,Cappuccino,59000.00,2.41,Beverages,Breakfast
162,2023/10/26,Thu,Vietnam,Mocha,69000.00,2.82,Beverages,Breakfast
163,2023/10/26,Thu,Vietnam,Mocha Frappe,79000.00,3.23,Beverages,Breakfast
164,2023/10/26,Thu,Vietnam,Americano,49000.00,2.00,Beverages,Breakfast
165,2023/10/26,Thu,Vietnam,Iced Americano,49000.00,2.00,Beverages,Breakfast
166,2023/10/26,Thu,Vietnam,Caramel Frappe,79000.00,3.23,Beverages,Breakfast
167,2023/10/26,Thu,Vietnam,Iced Vietnamese White Coffee,39000.00,1.59,Beverages,Breakfast
168,2023/10/26,Thu,Vietnam,Iced Vietnamese Black,39000.00,1.59,Beverages,Breakfast
169,2023/10/26,Thu,Vietnam,Salted Calamansi Apricot Tall,45000.00,1.84,McCAFÉ,Breakfast
170,2023/10/26,Thu,Vietnam,Hot Latte,59000.00,2.41,McCAFÉ,Breakfast
171,2023/10/26,Thu,Vietnam,Iced Latte,65000.00,2.66,McCAFÉ,Breakfast
172,2023/10/26,Thu,Vietnam,Iced Americano,49000.00,2.00,McCAFÉ,Breakfast
173,2023/10/26,Thu,Vietnam,Iced Vietnamese Black,39000.00,1.59,McCAFÉ,Breakfast
174,2023/10/26,Thu,Vietnam,Iced Vietnamese White Coffee,39000.00,1.59,McCAFÉ,Breakfast
175,2023/10/26,Thu,Vietnam,Tall Iced Bac Siu,39000.00,1.59,McCAFÉ,Breakfast
176,2023/10/26,Thu,Vietnam,Yogurt Strawberry,65000.00,2.66,McCAFÉ,Breakfast
177,2023/10/26,Thu,Vietnam,Kiwi Yogurt,65000.00,2.66,McCAFÉ,Breakfast
178,2023/10/26,Thu,Vietnam,Iced Mocha,69000.00,2.82,McCAFÉ,Breakfast
179,2023/10/26,Thu,Vietnam,Lychee Black Tea,59000.00,2.41,McCAFÉ,Breakfast
180,2023/10/26,Thu,Vietnam,Milk Cream Tea,59000.00,2.41,McCAFÉ,Breakfast
181,2023/10/26,Thu,Vietnam,Peach Tea,59000.00,2.41,McCAFÉ,Breakfast
182,2023/10/26,Thu,Vietnam,Matcha Frappe,89000.00,3.64,McCAFÉ,Breakfast
183,2023/10/26,Thu,Vietnam,Hot Matcha Latte,65000.00,2.66,McCAFÉ,Breakfast
184,2023/10/26,Thu,Vietnam,Hot Chocolate,59000.00,2.41,McCAFÉ,Breakfast
185,2023/10/26,Thu,Vietnam,Cappuccino,59000.00,2.41,McCAFÉ,Breakfast
186,2023/10/26,Thu,Vietnam,Mocha,69000.00,2.82,McCAFÉ,Breakfast
187,2023/10/26,Thu,Vietnam,Mocha Frappe,79000.00,3.23,McCAFÉ,Breakfast
188,2023/10/26,Thu,Vietnam,Americano,49000.00,2.00,McCAFÉ,Breakfast
189,2023/10/26,Thu,Vietnam,Caramel Frappe,79000.00,3.23,McCAFÉ,Breakfast
190,2023/10/26,Thu,Vietnam,Butter Croissant,35000.00,1.43,Dessert,Breakfast
191,2023/10/26,Thu,Vietnam,Matcha Oreo McFlurry,47000.00,1.92,Dessert,Breakfast
192,2023/10/26,Thu,Vietnam,Oreo McFlurry,45000.00,1.84,Dessert,Breakfast
193,2023/10/26,Thu,Vietnam,Sundae Hot Fudge,35000.00,1.43,Dessert,Breakfast
194,2023/10/26,Thu,Vietnam,Sundae Strawberry,35000.00,1.43,Dessert,Breakfast
195,2023/10/26,Thu,Vietnam,Tiramisu,55000.00,2.25,Dessert,Breakfast
196,2023/10/26,Thu,Vietnam,Baked CheeseCake,37000.00,1.51,Dessert,Breakfast
197,2023/10/26,Thu,Vietnam,Blueberry Cheese Cake,37000.00,1.51,Dessert,Breakfast
198,2023/10/26,Thu,Vietnam,Banana Muffin,35000.00,1.43,Dessert,Breakfast
199,2023/10/26,Thu,Vietnam,Choco Brownie,35000.00,1.43,Dessert,Breakfast
200,2023/10/26,Thu,Vietnam,Chocolate Chip Cookie,29000.00,1.19,Dessert,Breakfast
201,2023/10/26,Thu,Vietnam,Coconut Macaroons 2Pc,25000.00,1.02,Dessert,Breakfast
202,2023/10/26,Thu,Vietnam,Coconut Macaroon,15000.00,0.61,Dessert,Breakfast
203,2023/10/26,Thu,Vietnam,2 packs of ketchup,4000.00,0.16,Condiment,Breakfast
204,2023/10/26,Thu,Vietnam,2 Packs of Sweet Chili,4000.00,0.16,Condiment,Breakfast
205,2023/10/26,Thu,Vietnam,2 packs of mayonnaise,4000.00,0.16,Condiment,Breakfast
206,2023/10/26,Thu,Vietnam,2 packs of spicy garlic chili sauce,4000.00,0.16,Condiment,Breakfast
