,Date,Day,Territory,Menu Item,Price (AUD),Price (USD),Category,Menu
1,2023/10/05,Thu,Australia,Hash Brown,3.40,2.15,Most Popular,Breakfast Menu
2,2023/10/05,Thu,Australia,Mighty McMuffin,8.45,5.34,Most Popular,Breakfast Menu
3,2023/10/05,Thu,Australia,Bacon & Egg McMuffin,6.35,4.01,Most Popular,Breakfast Menu
4,2023/10/05,Thu,Australia,Sausage & Egg McMuffin,6.75,4.27,Most Popular,Breakfast Menu
5,2023/10/05,Thu,Australia,Brekkie Bundle,29.95,18.93,Most Popular,Breakfast Menu
6,2023/10/05,Thu,Australia,Hotcakes with Butter & Syrup,7.50,4.74,Most Popular,Breakfast Menu
7,2023/10/05,Thu,Australia,Monopoly Hotcakes Bundle,13.55,8.56,Monopoly Bundles,Breakfast Menu
8,2023/10/05,Thu,Australia,Monopoly 20pc McNugget Bundle,28.90,18.26,Monopoly Bundles,Breakfast Menu
9,2023/10/05,Thu,Australia,Monopoly 10pc Chicken McNuggets Bundle,22.80,14.41,Monopoly Bundles,Breakfast Menu
10,2023/10/05,Thu,Australia,Hash Brown,3.40,2.15,Monopoly Bundles,Breakfast Menu
11,2023/10/05,Thu,Australia,Large Fries,4.65,2.94,Monopoly Bundles,Breakfast Menu
12,2023/10/05,Thu,Australia,Big Mac,8.20,5.18,All Day Menu,Breakfast Menu
13,2023/10/05,Thu,Australia,Cheeseburger,4.90,3.10,All Day Menu,Breakfast Menu
14,2023/10/05,Thu,Australia,Double Cheeseburger,6.40,4.04,All Day Menu,Breakfast Menu
15,2023/10/05,Thu,Australia,Small Fries,3.60,2.27,All Day Menu,Breakfast Menu
16,2023/10/05,Thu,Australia,Chicken McNuggets - 3pc,5.40,3.41,All Day Menu,Breakfast Menu
17,2023/10/05,Thu,Australia,Chicken McNuggets - 6pc,8.40,5.31,All Day Menu,Breakfast Menu
18,2023/10/05,Thu,Australia,Chicken McNuggets - 20pc,15.65,9.89,All Day Menu,Breakfast Menu
19,2023/10/05,Thu,Australia,Chicken McNuggets - 40pc,29.45,18.61,All Day Menu,Breakfast Menu
20,2023/10/05,Thu,Australia,Mighty McMuffin,8.45,5.34,McMuffins,Breakfast Menu
21,2023/10/05,Thu,Australia,Double Bacon & Egg McMuffin,7.40,4.68,McMuffins,Breakfast Menu
22,2023/10/05,Thu,Australia,Bacon & Egg McMuffin,6.35,4.01,McMuffins,Breakfast Menu
23,2023/10/05,Thu,Australia,Double Sausage & Egg McMuffin,7.90,4.99,McMuffins,Breakfast Menu
24,2023/10/05,Thu,Australia,Sausage & Egg McMuffin,6.75,4.27,McMuffins,Breakfast Menu
25,2023/10/05,Thu,Australia,Sausage McMuffin,6.00,3.79,McMuffins,Breakfast Menu
26,2023/10/05,Thu,Australia,Double Sausage McMuffin,7.50,4.74,McMuffins,Breakfast Menu
27,2023/10/05,Thu,Australia,Big Brekkie Burger,9.80,6.19,McMuffins,Breakfast Menu
28,2023/10/05,Thu,Australia,Brekkie Bundle,29.95,18.93,McMuffins,Breakfast Menu
29,2023/10/05,Thu,Australia,Small Chocolate Shake,5.65,3.57,Shakes & Frappes,Breakfast Menu
30,2023/10/05,Thu,Australia,Small Strawberry Shake,5.65,3.57,Shakes & Frappes,Breakfast Menu
31,2023/10/05,Thu,Australia,Small Vanilla Shake,5.65,3.57,Shakes & Frappes,Breakfast Menu
32,2023/10/05,Thu,Australia,Medium Chocolate Frappé,6.45,4.08,Shakes & Frappes,Breakfast Menu
33,2023/10/05,Thu,Australia,Medium Coffee Frappé,6.45,4.08,Shakes & Frappes,Breakfast Menu
34,2023/10/05,Thu,Australia,Medium Salted Caramel Frappé,6.45,4.08,Shakes & Frappes,Breakfast Menu
35,2023/10/05,Thu,Australia,Small Coke®,4.30,2.72,Soft Drinks,Breakfast Menu
36,2023/10/05,Thu,Australia,Small Sprite® Zero Sugar,4.30,2.72,Soft Drinks,Breakfast Menu
37,2023/10/05,Thu,Australia,Small Fanta®,4.30,2.72,Soft Drinks,Breakfast Menu
38,2023/10/05,Thu,Australia,Small Coke® Zero Sugar,4.30,2.72,Soft Drinks,Breakfast Menu
39,2023/10/05,Thu,Australia,Small Vanilla Coke®,4.30,2.72,Soft Drinks,Breakfast Menu
40,2023/10/05,Thu,Australia,Small Sparkling Water,4.30,2.72,Soft Drinks,Breakfast Menu
41,2023/10/05,Thu,Australia,Small Frozen Coke®,4.30,2.72,Soft Drinks,Breakfast Menu
42,2023/10/05,Thu,Australia,Small Frozen Fanta® Flavours,4.30,2.72,Soft Drinks,Breakfast Menu
43,2023/10/05,Thu,Australia,Apple Crumble Muffin,5.00,3.16,Desserts,Breakfast Menu
44,2023/10/05,Thu,Australia,Double Choc Muffin,5.00,3.16,Desserts,Breakfast Menu
45,2023/10/05,Thu,Australia,Raspberry & Custard Pie,3.80,2.40,Desserts,Breakfast Menu
46,2023/10/05,Thu,Australia,Hot Apple Pie,3.80,2.40,Desserts,Breakfast Menu
47,2023/10/05,Thu,Australia,MILO® McFlurry,6.80,4.30,Desserts,Breakfast Menu
48,2023/10/05,Thu,Australia,Raspberry & Custard Pie McFlurry,6.80,4.30,Desserts,Breakfast Menu
49,2023/10/05,Thu,Australia,Apple Slices,3.70,2.34,Desserts,Breakfast Menu
50,2023/10/05,Thu,Australia,McDonaldland Cookies,1.90,1.20,Desserts,Breakfast Menu
51,2023/10/05,Thu,Australia,Hot Fudge Sundae,5.20,3.29,Desserts,Breakfast Menu
52,2023/10/05,Thu,Australia,Caramel Sundae,5.20,3.29,Desserts,Breakfast Menu
53,2023/10/05,Thu,Australia,Strawberry Sundae,5.20,3.29,Desserts,Breakfast Menu
54,2023/10/05,Thu,Australia,M&M'S® MINIS McFlurry,6.80,4.30,Desserts,Breakfast Menu
55,2023/10/05,Thu,Australia,OREO® McFlurry,6.80,4.30,Desserts,Breakfast Menu
56,2023/10/05,Thu,Australia,Apple Crumble Muffin,5.00,3.16,More Brekkie Favourites,Breakfast Menu
57,2023/10/05,Thu,Australia,Hash Brown,3.40,2.15,More Brekkie Favourites,Breakfast Menu
58,2023/10/05,Thu,Australia,Double Choc Muffin,5.00,3.16,More Brekkie Favourites,Breakfast Menu
59,2023/10/05,Thu,Australia,Big Brekkie Burger,9.80,6.19,More Brekkie Favourites,Breakfast Menu
60,2023/10/05,Thu,Australia,Hotcakes with Butter & Syrup,7.50,4.74,More Brekkie Favourites,Breakfast Menu
61,2023/10/05,Thu,Australia,Apple Slices,3.70,2.34,More Brekkie Favourites,Breakfast Menu
62,2023/10/05,Thu,Australia,Yoplait Miam Strawberry Yoghurt,3.80,2.40,More Brekkie Favourites,Breakfast Menu
63,2023/10/05,Thu,Australia,Truffle Flavoured Mayo,0.75,0.47,Breakfast Condiments,Breakfast Menu
64,2023/10/05,Thu,Australia,Spicy Buffalo Sauce,0.75,0.47,Breakfast Condiments,Breakfast Menu
65,2023/10/05,Thu,Australia,Outback BBQ Sauce,0.75,0.47,Breakfast Condiments,Breakfast Menu
66,2023/10/05,Thu,Australia,Wasabi Flavoured Mayo,0.75,0.47,Breakfast Condiments,Breakfast Menu
67,2023/10/05,Thu,Australia,Hot Cake Syrup,1.10,0.70,Breakfast Condiments,Breakfast Menu
68,2023/10/05,Thu,Australia,Tomato Chilli Jam,0.75,0.47,Breakfast Condiments,Breakfast Menu
69,2023/10/05,Thu,Australia,Sweet 'n Sour Sauce,0.75,0.47,Breakfast Condiments,Breakfast Menu
70,2023/10/05,Thu,Australia,Barbecue Sauce,0.75,0.47,Breakfast Condiments,Breakfast Menu
71,2023/10/05,Thu,Australia,McChicken Sauce,0.75,0.47,Breakfast Condiments,Breakfast Menu
72,2023/10/05,Thu,Australia,Mustard Sauce,0.75,0.47,Breakfast Condiments,Breakfast Menu
73,2023/10/05,Thu,Australia,Ketchup,0.30,0.19,Breakfast Condiments,Breakfast Menu
74,2023/10/05,Thu,Australia,Small Birthday Cake Flavoured Iced Latte,7.90,4.99,McCafe Drinks,Breakfast Menu
75,2023/10/05,Thu,Australia,Small Birthday Cake Flavoured Latte,5.65,3.57,McCafe Drinks,Breakfast Menu
76,2023/10/05,Thu,Australia,Small Iced Latté McCafé,5.50,3.48,McCafe Drinks,Breakfast Menu
77,2023/10/05,Thu,Australia,Small Cappuccino McCafe,5.15,3.25,McCafe Drinks,Breakfast Menu
78,2023/10/05,Thu,Australia,Small Flat White McCafe,5.15,3.25,McCafe Drinks,Breakfast Menu
79,2023/10/05,Thu,Australia,Small Long Black McCafe,5.15,3.25,McCafe Drinks,Breakfast Menu
80,2023/10/05,Thu,Australia,Small Hot Chocolate McCafé,4.90,3.10,McCafe Drinks,Breakfast Menu
81,2023/10/05,Thu,Australia,Small Latté McCafe,5.15,3.25,McCafe Drinks,Breakfast Menu
82,2023/10/05,Thu,Australia,Small Mocha McCafe,5.30,3.35,McCafe Drinks,Breakfast Menu
83,2023/10/05,Thu,Australia,Espresso McCafé,4.10,2.59,McCafe Drinks,Breakfast Menu
84,2023/10/05,Thu,Australia,Macchiato McCafé,4.10,2.59,McCafe Drinks,Breakfast Menu
85,2023/10/05,Thu,Australia,Piccolo Latte,4.10,2.59,McCafe Drinks,Breakfast Menu
86,2023/10/05,Thu,Australia,Small Chai Latte McCafé,5.10,3.22,McCafe Drinks,Breakfast Menu
87,2023/10/05,Thu,Australia,Small McCafé Deluxe Iced Coffee,7.60,4.80,McCafe Drinks,Breakfast Menu
88,2023/10/05,Thu,Australia,Small Iced Mocha McCafé,5.50,3.48,McCafe Drinks,Breakfast Menu
89,2023/10/05,Thu,Australia,Small Iced Chocolate McCafé,5.75,3.63,McCafe Drinks,Breakfast Menu
90,2023/10/05,Thu,Australia,Small Iced Chai Latte McCafé,5.15,3.25,McCafe Drinks,Breakfast Menu
91,2023/10/05,Thu,Australia,Small Iced Long Black - McCafé,5.25,3.32,McCafe Drinks,Breakfast Menu
92,2023/10/05,Thu,Australia,Zoetic Green Tea,4.25,2.69,McCafe Drinks,Breakfast Menu
93,2023/10/05,Thu,Australia,Zoetic English Breakfast Tea,4.25,2.69,McCafe Drinks,Breakfast Menu
94,2023/10/05,Thu,Australia,Zoetic Peppermint Tea,4.25,2.69,McCafe Drinks,Breakfast Menu
95,2023/10/05,Thu,Australia,Small Flavoured Iced Latte McCafé,6.40,4.04,McCafe Drinks,Breakfast Menu
96,2023/10/05,Thu,Australia,Small Orange Juice,5.10,3.22,Juice & Bottled Drinks,Breakfast Menu
97,2023/10/05,Thu,Australia,Small Orange Fruit Drink,5.10,3.22,Juice & Bottled Drinks,Breakfast Menu
98,2023/10/05,Thu,Australia,Apple Juice 250mL,4.75,3.00,Juice & Bottled Drinks,Breakfast Menu
99,2023/10/05,Thu,Australia,Bottled Water 250mL,4.35,2.75,Juice & Bottled Drinks,Breakfast Menu
100,2023/10/05,Thu,Australia,CalciYum™ Chocolate Flavoured Milk,5.15,3.25,Juice & Bottled Drinks,Breakfast Menu
101,2023/10/05,Thu,Australia,Bottled Water 600mL,5.15,3.25,Juice & Bottled Drinks,Breakfast Menu
102,2023/10/05,Thu,Australia,Bottled Water 600mL,5.15,3.25,RMHC Support,Breakfast Menu
103,2023/10/05,Thu,Australia,Monopoly Iconic Bundle,21.20,13.40,Monopoly Bundles,Overnight Menu
104,2023/10/05,Thu,Australia,Monopoly 10pc Chicken McNuggets Bundle,22.80,14.41,Monopoly Bundles,Overnight Menu
105,2023/10/05,Thu,Australia,Monopoly 20pc McNugget Bundle,28.90,18.26,Monopoly Bundles,Overnight Menu
106,2023/10/05,Thu,Australia,Hash Brown,3.40,2.15,Monopoly Bundles,Overnight Menu
107,2023/10/05,Thu,Australia,Chicken McNuggets - 20pc,15.65,9.89,Monopoly Bundles,Overnight Menu
108,2023/10/05,Thu,Australia,Chicken McNuggets - 10pc,10.40,6.57,Monopoly Bundles,Overnight Menu
109,2023/10/05,Thu,Australia,Large Fries,4.65,2.94,Monopoly Bundles,Overnight Menu
110,2023/10/05,Thu,Australia,Mozzarella Sticks,4.25,2.69,Family & Sharing,Overnight Menu
111,2023/10/05,Thu,Australia,Meal For 2,29.95,18.93,Family & Sharing,Overnight Menu
112,2023/10/05,Thu,Australia,McValue Box,30.95,19.56,Family & Sharing,Overnight Menu
113,2023/10/05,Thu,Australia,McFavourites Box,47.95,30.30,Family & Sharing,Overnight Menu
114,2023/10/05,Thu,Australia,McFamily Box,57.95,36.62,Family & Sharing,Overnight Menu
115,2023/10/05,Thu,Australia,Chicken McNuggets - 20pc,15.65,9.89,Family & Sharing,Overnight Menu
116,2023/10/05,Thu,Australia,Chicken McNuggets - 10pc,10.40,6.57,Family & Sharing,Overnight Menu
117,2023/10/05,Thu,Australia,Chicken McNuggets - 40pc,29.45,18.61,Family & Sharing,Overnight Menu
118,2023/10/05,Thu,Australia,Big Mac,8.20,5.18,Beef,Overnight Menu
119,2023/10/05,Thu,Australia,Double Big Mac,10.15,6.41,Beef,Overnight Menu
120,2023/10/05,Thu,Australia,Double Cheeseburger,6.40,4.04,Beef,Overnight Menu
121,2023/10/05,Thu,Australia,Triple Cheeseburger,9.30,5.88,Beef,Overnight Menu
122,2023/10/05,Thu,Australia,Quarter Pounder,8.15,5.15,Beef,Overnight Menu
123,2023/10/05,Thu,Australia,Cheeseburger,4.90,3.10,Beef,Overnight Menu
124,2023/10/05,Thu,Australia,Double Quarter Pounder,10.70,6.76,Beef,Overnight Menu
125,2023/10/05,Thu,Australia,Hamburger,4.30,2.72,Beef,Overnight Menu
126,2023/10/05,Thu,Australia,McCrispy,9.15,5.78,Chicken & Fish,Overnight Menu
127,2023/10/05,Thu,Australia,McCrispy Deluxe,10.25,6.48,Chicken & Fish,Overnight Menu
128,2023/10/05,Thu,Australia,McSpicy Burger,11.20,7.08,Chicken & Fish,Overnight Menu
129,2023/10/05,Thu,Australia,McChicken,8.20,5.18,Chicken & Fish,Overnight Menu
130,2023/10/05,Thu,Australia,Double McChicken,10.95,6.92,Chicken & Fish,Overnight Menu
131,2023/10/05,Thu,Australia,Double Filet-O-Fish,9.40,5.94,Chicken & Fish,Overnight Menu
132,2023/10/05,Thu,Australia,Filet-O-Fish,7.15,4.52,Chicken & Fish,Overnight Menu
133,2023/10/05,Thu,Australia,Chicken 'n' Cheese,6.10,3.85,Chicken & Fish,Overnight Menu
134,2023/10/05,Thu,Australia,Chicken McNuggets - 20pc,15.65,9.89,Chicken & Fish,Overnight Menu
135,2023/10/05,Thu,Australia,Chicken McNuggets - 10pc,10.40,6.57,Chicken & Fish,Overnight Menu
136,2023/10/05,Thu,Australia,Chicken McNuggets - 6pc,8.40,5.31,Chicken & Fish,Overnight Menu
137,2023/10/05,Thu,Australia,Chicken McNuggets - 3pc,5.40,3.41,Chicken & Fish,Overnight Menu
138,2023/10/05,Thu,Australia,Chicken McNuggets - 40pc,29.45,18.61,Chicken & Fish,Overnight Menu
139,2023/10/05,Thu,Australia,McChicken Burger,8.20,5.18,Chicken & Fish,Overnight Menu
140,2023/10/05,Thu,Australia,Chicken McNuggets - 20pc,15.65,9.89,Chicken McNuggets,Overnight Menu
141,2023/10/05,Thu,Australia,Chicken McNuggets - 10pc,10.40,6.57,Chicken McNuggets,Overnight Menu
142,2023/10/05,Thu,Australia,Chicken McNuggets - 6pc,8.40,5.31,Chicken McNuggets,Overnight Menu
143,2023/10/05,Thu,Australia,Chicken McNuggets - 3pc,5.40,3.41,Chicken McNuggets,Overnight Menu
144,2023/10/05,Thu,Australia,Chicken McNuggets - 40pc,29.45,18.61,Chicken McNuggets,Overnight Menu
145,2023/10/05,Thu,Australia,Mozzarella Sticks,4.25,2.69,Snacks & Fries,Overnight Menu
146,2023/10/05,Thu,Australia,Hash Brown,3.40,2.15,Snacks & Fries,Overnight Menu
147,2023/10/05,Thu,Australia,Large Fries,4.65,2.94,Snacks & Fries,Overnight Menu
148,2023/10/05,Thu,Australia,Cheeseburger,4.90,3.10,Snacks & Fries,Overnight Menu
149,2023/10/05,Thu,Australia,Raspberry & Custard Pie,3.80,2.40,Snacks & Fries,Overnight Menu
150,2023/10/05,Thu,Australia,Hamburger,4.30,2.72,Snacks & Fries,Overnight Menu
151,2023/10/05,Thu,Australia,Hot Apple Pie,3.80,2.40,Snacks & Fries,Overnight Menu
152,2023/10/05,Thu,Australia,Apple Slices,3.70,2.34,Snacks & Fries,Overnight Menu
153,2023/10/05,Thu,Australia,Chicken McNuggets - 6pc,8.40,5.31,Snacks & Fries,Overnight Menu
154,2023/10/05,Thu,Australia,Chicken McNuggets - 3pc,5.40,3.41,Snacks & Fries,Overnight Menu
155,2023/10/05,Thu,Australia,Grape Tomatoes,3.35,2.12,Snacks & Fries,Overnight Menu
156,2023/10/05,Thu,Australia,Yoplait Miam Strawberry Yoghurt,3.80,2.40,Snacks & Fries,Overnight Menu
157,2023/10/05,Thu,Australia,McDonaldland Cookies,1.90,1.20,Snacks & Fries,Overnight Menu
158,2023/10/05,Thu,Australia,Quarter Pounder Burger,8.15,5.15,Snacks & Fries,Overnight Menu
159,2023/10/05,Thu,Australia,McChicken Burger,8.20,5.18,Snacks & Fries,Overnight Menu
160,2023/10/05,Thu,Australia,Small Birthday Cake Flavoured Iced Latte,7.90,4.99,McCafe Drinks,Overnight Menu
161,2023/10/05,Thu,Australia,Small Birthday Cake Flavoured Latte,5.65,3.57,McCafe Drinks,Overnight Menu
162,2023/10/05,Thu,Australia,Small Cappuccino McCafe,5.15,3.25,McCafe Drinks,Overnight Menu
163,2023/10/05,Thu,Australia,Small Flat White McCafe,5.15,3.25,McCafe Drinks,Overnight Menu
164,2023/10/05,Thu,Australia,Small Latté McCafe,5.15,3.25,McCafe Drinks,Overnight Menu
165,2023/10/05,Thu,Australia,Small Long Black McCafe,5.15,3.25,McCafe Drinks,Overnight Menu
166,2023/10/05,Thu,Australia,Small Chai Latte McCafé,5.10,3.22,McCafe Drinks,Overnight Menu
167,2023/10/05,Thu,Australia,Small Hot Chocolate McCafé,4.90,3.10,McCafe Drinks,Overnight Menu
168,2023/10/05,Thu,Australia,Small Mocha McCafe,5.30,3.35,McCafe Drinks,Overnight Menu
169,2023/10/05,Thu,Australia,Espresso McCafé,4.10,2.59,McCafe Drinks,Overnight Menu
170,2023/10/05,Thu,Australia,Macchiato McCafé,4.10,2.59,McCafe Drinks,Overnight Menu
171,2023/10/05,Thu,Australia,Piccolo Latte,4.10,2.59,McCafe Drinks,Overnight Menu
172,2023/10/05,Thu,Australia,Small McCafé Deluxe Iced Coffee,7.60,4.80,McCafe Drinks,Overnight Menu
173,2023/10/05,Thu,Australia,Small Iced Chocolate McCafé,5.75,3.63,McCafe Drinks,Overnight Menu
174,2023/10/05,Thu,Australia,Small Iced Chai Latte McCafé,5.15,3.25,McCafe Drinks,Overnight Menu
175,2023/10/05,Thu,Australia,Small Iced Mocha McCafé,5.50,3.48,McCafe Drinks,Overnight Menu
176,2023/10/05,Thu,Australia,Small Iced Latté McCafé,5.50,3.48,McCafe Drinks,Overnight Menu
177,2023/10/05,Thu,Australia,Small Iced Long Black - McCafé,5.25,3.32,McCafe Drinks,Overnight Menu
178,2023/10/05,Thu,Australia,Zoetic Earl Grey Tea,4.25,2.69,McCafe Drinks,Overnight Menu
179,2023/10/05,Thu,Australia,Zoetic Green Tea,4.25,2.69,McCafe Drinks,Overnight Menu
180,2023/10/05,Thu,Australia,Zoetic English Breakfast Tea,4.25,2.69,McCafe Drinks,Overnight Menu
181,2023/10/05,Thu,Australia,Zoetic Peppermint Tea,4.25,2.69,McCafe Drinks,Overnight Menu
182,2023/10/05,Thu,Australia,Small Flavoured Iced Latte McCafé,6.40,4.04,McCafe Drinks,Overnight Menu
183,2023/10/05,Thu,Australia,Chicken McNuggets 3pc Happy Meal,8.00,5.06,Happy Meals,Overnight Menu
184,2023/10/05,Thu,Australia,Chicken McNuggets 6pc Happy Meal,10.85,6.86,Happy Meals,Overnight Menu
185,2023/10/05,Thu,Australia,Cheeseburger Happy Meal,8.00,5.06,Happy Meals,Overnight Menu
186,2023/10/05,Thu,Australia,Apple Slices,3.70,2.34,Happy Meals,Overnight Menu
187,2023/10/05,Thu,Australia,Yoplait Miam Strawberry Yoghurt,3.80,2.40,Happy Meals,Overnight Menu
188,2023/10/05,Thu,Australia,Grape Tomatoes,3.35,2.12,Happy Meals,Overnight Menu
189,2023/10/05,Thu,Australia,MILO® McFlurry,6.80,4.30,Desserts,Overnight Menu
190,2023/10/05,Thu,Australia,Raspberry & Custard Pie McFlurry,6.80,4.30,Desserts,Overnight Menu
191,2023/10/05,Thu,Australia,OREO® McFlurry,6.80,4.30,Desserts,Overnight Menu
192,2023/10/05,Thu,Australia,M&M'S® MINIS McFlurry,6.80,4.30,Desserts,Overnight Menu
193,2023/10/05,Thu,Australia,Raspberry & Custard Pie,3.80,2.40,Desserts,Overnight Menu
194,2023/10/05,Thu,Australia,Hot Apple Pie,3.80,2.40,Desserts,Overnight Menu
195,2023/10/05,Thu,Australia,Double Choc Muffin,5.00,3.16,Desserts,Overnight Menu
196,2023/10/05,Thu,Australia,Apple Crumble Muffin,5.00,3.16,Desserts,Overnight Menu
197,2023/10/05,Thu,Australia,Strawberry Sundae,5.20,3.29,Desserts,Overnight Menu
198,2023/10/05,Thu,Australia,McDonaldland Cookies,1.90,1.20,Desserts,Overnight Menu
199,2023/10/05,Thu,Australia,Hot Fudge Sundae,5.20,3.29,Desserts,Overnight Menu
200,2023/10/05,Thu,Australia,Caramel Sundae,5.20,3.29,Desserts,Overnight Menu
201,2023/10/05,Thu,Australia,Small Coke®,4.30,2.72,Soft Drinks,Overnight Menu
202,2023/10/05,Thu,Australia,Small Coke® Zero Sugar,4.30,2.72,Soft Drinks,Overnight Menu
203,2023/10/05,Thu,Australia,Small Vanilla Coke®,4.30,2.72,Soft Drinks,Overnight Menu
204,2023/10/05,Thu,Australia,Small Sprite® Zero Sugar,4.30,2.72,Soft Drinks,Overnight Menu
205,2023/10/05,Thu,Australia,Small Fanta®,4.30,2.72,Soft Drinks,Overnight Menu
206,2023/10/05,Thu,Australia,Small Sparkling Water,4.30,2.72,Soft Drinks,Overnight Menu
207,2023/10/05,Thu,Australia,Small Frozen Coke®,4.30,2.72,Soft Drinks,Overnight Menu
208,2023/10/05,Thu,Australia,Small Frozen Fanta® Flavours,4.30,2.72,Soft Drinks,Overnight Menu
209,2023/10/05,Thu,Australia,Small Chocolate Shake,5.65,3.57,Shakes & Frappes,Overnight Menu
210,2023/10/05,Thu,Australia,Small Strawberry Shake,5.65,3.57,Shakes & Frappes,Overnight Menu
211,2023/10/05,Thu,Australia,Small Vanilla Shake,5.65,3.57,Shakes & Frappes,Overnight Menu
212,2023/10/05,Thu,Australia,Medium Chocolate Frappé,6.45,4.08,Shakes & Frappes,Overnight Menu
213,2023/10/05,Thu,Australia,Medium Coffee Frappé,6.45,4.08,Shakes & Frappes,Overnight Menu
214,2023/10/05,Thu,Australia,Medium Salted Caramel Frappé,6.45,4.08,Shakes & Frappes,Overnight Menu
215,2023/10/05,Thu,Australia,Small Orange Juice,5.10,3.22,Juice & Bottled Drinks,Overnight Menu
216,2023/10/05,Thu,Australia,Small Orange Fruit Drink,5.10,3.22,Juice & Bottled Drinks,Overnight Menu
217,2023/10/05,Thu,Australia,Bottled Water 250mL,4.35,2.75,Juice & Bottled Drinks,Overnight Menu
218,2023/10/05,Thu,Australia,Apple Juice 250mL,4.75,3.00,Juice & Bottled Drinks,Overnight Menu
219,2023/10/05,Thu,Australia,CalciYum™ Chocolate Flavoured Milk,5.15,3.25,Juice & Bottled Drinks,Overnight Menu
220,2023/10/05,Thu,Australia,Bottled Water 600mL,5.15,3.25,Juice & Bottled Drinks,Overnight Menu
221,2023/10/05,Thu,Australia,Truffle Flavoured Mayo,0.75,0.47,Condiments,Overnight Menu
222,2023/10/05,Thu,Australia,Spicy Buffalo Sauce,0.75,0.47,Condiments,Overnight Menu
223,2023/10/05,Thu,Australia,Outback BBQ Sauce,0.75,0.47,Condiments,Overnight Menu
224,2023/10/05,Thu,Australia,Wasabi Flavoured Mayo,0.75,0.47,Condiments,Overnight Menu
225,2023/10/05,Thu,Australia,Tomato Chilli Jam,0.75,0.47,Condiments,Overnight Menu
226,2023/10/05,Thu,Australia,Sweet 'n Sour Sauce,0.75,0.47,Condiments,Overnight Menu
227,2023/10/05,Thu,Australia,Big Mac Special Sauce,0.75,0.47,Condiments,Overnight Menu
228,2023/10/05,Thu,Australia,Aioli Sauce Tub,0.75,0.47,Condiments,Overnight Menu
229,2023/10/05,Thu,Australia,Barbecue Sauce,0.75,0.47,Condiments,Overnight Menu
230,2023/10/05,Thu,Australia,Mustard Sauce,0.75,0.47,Condiments,Overnight Menu
231,2023/10/05,Thu,Australia,Ketchup,0.30,0.19,Condiments,Overnight Menu
232,2023/10/05,Thu,Australia,McChicken Sauce,0.75,0.47,Condiments,Overnight Menu
233,2023/10/05,Thu,Australia,Bottled Water 600mL,5.15,3.25,RMHC Support,Overnight Menu
234,2023/10/05,Thu,Australia,Chicken McNuggets - 10pc,10.40,6.57,Most Popular,Regular Menu
235,2023/10/05,Thu,Australia,Large Fries,4.65,2.94,Most Popular,Regular Menu
236,2023/10/05,Thu,Australia,Mozzarella Sticks,4.25,2.69,Most Popular,Regular Menu
237,2023/10/05,Thu,Australia,Filet-O-Fish,7.15,4.52,Most Popular,Regular Menu
238,2023/10/05,Thu,Australia,Hash Brown,3.40,2.15,Most Popular,Regular Menu
239,2023/10/05,Thu,Australia,Monopoly McCrispy Bundle,23.40,14.79,Monopoly Bundles,Regular Menu
240,2023/10/05,Thu,Australia,Monopoly Iconic Bundle,21.20,13.40,Monopoly Bundles,Regular Menu
241,2023/10/05,Thu,Australia,Monopoly Classic Angus Bundle,23.25,14.69,Monopoly Bundles,Regular Menu
242,2023/10/05,Thu,Australia,Monopoly McSpicy Bundle,23.60,14.91,Monopoly Bundles,Regular Menu
243,2023/10/05,Thu,Australia,Monopoly 20pc McNugget Bundle,28.90,18.26,Monopoly Bundles,Regular Menu
244,2023/10/05,Thu,Australia,Monopoly 10pc Chicken McNuggets Bundle,22.80,14.41,Monopoly Bundles,Regular Menu
245,2023/10/05,Thu,Australia,Monopoly Chicken Salad Bundle,24.95,15.77,Monopoly Bundles,Regular Menu
246,2023/10/05,Thu,Australia,McSpicy Burger,11.20,7.08,Monopoly Bundles,Regular Menu
247,2023/10/05,Thu,Australia,Classic Angus,10.85,6.86,Monopoly Bundles,Regular Menu
248,2023/10/05,Thu,Australia,BBQ Bacon Angus,11.55,7.30,Monopoly Bundles,Regular Menu
249,2023/10/05,Thu,Australia,Chicken McNuggets - 40pc,29.45,18.61,Monopoly Bundles,Regular Menu
250,2023/10/05,Thu,Australia,Chicken McNuggets - 20pc,15.65,9.89,Monopoly Bundles,Regular Menu
251,2023/10/05,Thu,Australia,Chicken McNuggets - 10pc,10.40,6.57,Monopoly Bundles,Regular Menu
252,2023/10/05,Thu,Australia,Large Fries,4.65,2.94,Monopoly Bundles,Regular Menu
253,2023/10/05,Thu,Australia,Classic Crispy Chicken Salad,12.15,7.68,Monopoly Bundles,Regular Menu
254,2023/10/05,Thu,Australia,Caesar Crispy Chicken Salad,12.15,7.68,Monopoly Bundles,Regular Menu
255,2023/10/05,Thu,Australia,Classic Grilled Chicken Salad,12.15,7.68,Monopoly Bundles,Regular Menu
256,2023/10/05,Thu,Australia,Caesar Grilled Chicken Salad,12.15,7.68,Monopoly Bundles,Regular Menu
257,2023/10/05,Thu,Australia,Mozzarella Sticks,4.25,2.69,Family & Sharing,Regular Menu
258,2023/10/05,Thu,Australia,McValue Box,30.95,19.56,Family & Sharing,Regular Menu
259,2023/10/05,Thu,Australia,McFavourites Box,47.95,30.30,Family & Sharing,Regular Menu
260,2023/10/05,Thu,Australia,McFamily Box,57.95,36.62,Family & Sharing,Regular Menu
261,2023/10/05,Thu,Australia,Chicken McNuggets - 20pc,15.65,9.89,Family & Sharing,Regular Menu
262,2023/10/05,Thu,Australia,Chicken McNuggets - 10pc,10.40,6.57,Family & Sharing,Regular Menu
263,2023/10/05,Thu,Australia,Chicken McNuggets - 40pc,29.45,18.61,Family & Sharing,Regular Menu
264,2023/10/05,Thu,Australia,Cheesy Angus,12.50,7.90,Beef,Regular Menu
265,2023/10/05,Thu,Australia,Cheesy Beef,10.65,6.73,Beef,Regular Menu
266,2023/10/05,Thu,Australia,Spicy Sticky BBQ Angus,12.05,7.61,Beef,Regular Menu
267,2023/10/05,Thu,Australia,Classic Angus,10.85,6.86,Beef,Regular Menu
268,2023/10/05,Thu,Australia,BBQ Bacon Angus,11.55,7.30,Beef,Regular Menu
269,2023/10/05,Thu,Australia,Big Mac,8.20,5.18,Beef,Regular Menu
270,2023/10/05,Thu,Australia,Double Big Mac,10.15,6.41,Beef,Regular Menu
271,2023/10/05,Thu,Australia,Double Quarter Pounder,10.70,6.76,Beef,Regular Menu
272,2023/10/05,Thu,Australia,Quarter Pounder,8.15,5.15,Beef,Regular Menu
273,2023/10/05,Thu,Australia,Triple Cheeseburger,9.30,5.88,Beef,Regular Menu
274,2023/10/05,Thu,Australia,Double Cheeseburger,6.40,4.04,Beef,Regular Menu
275,2023/10/05,Thu,Australia,Cheeseburger,4.90,3.10,Beef,Regular Menu
276,2023/10/05,Thu,Australia,Hamburger,4.30,2.72,Beef,Regular Menu
277,2023/10/05,Thu,Australia,McCrispy,9.15,5.78,Chicken & Fish,Regular Menu
278,2023/10/05,Thu,Australia,McCrispy Deluxe,10.25,6.48,Chicken & Fish,Regular Menu
279,2023/10/05,Thu,Australia,McSpicy Burger,11.20,7.08,Chicken & Fish,Regular Menu
280,2023/10/05,Thu,Australia,Cheesy Chicken,11.20,7.08,Chicken & Fish,Regular Menu
281,2023/10/05,Thu,Australia,Grilled Chicken Deluxe Burger,10.00,6.32,Chicken & Fish,Regular Menu
282,2023/10/05,Thu,Australia,McChicken,8.20,5.18,Chicken & Fish,Regular Menu
283,2023/10/05,Thu,Australia,Double McChicken,10.95,6.92,Chicken & Fish,Regular Menu
284,2023/10/05,Thu,Australia,Double Filet-O-Fish,9.40,5.94,Chicken & Fish,Regular Menu
285,2023/10/05,Thu,Australia,Filet-O-Fish,7.15,4.52,Chicken & Fish,Regular Menu
286,2023/10/05,Thu,Australia,Chicken 'n' Cheese,6.10,3.85,Chicken & Fish,Regular Menu
287,2023/10/05,Thu,Australia,Chicken McNuggets - 20pc,15.65,9.89,Chicken & Fish,Regular Menu
288,2023/10/05,Thu,Australia,Chicken McNuggets - 10pc,10.40,6.57,Chicken & Fish,Regular Menu
289,2023/10/05,Thu,Australia,Chicken McNuggets - 6pc,8.40,5.31,Chicken & Fish,Regular Menu
290,2023/10/05,Thu,Australia,Chicken McNuggets - 3pc,5.40,3.41,Chicken & Fish,Regular Menu
291,2023/10/05,Thu,Australia,Chicken McNuggets - 40pc,29.45,18.61,Chicken & Fish,Regular Menu
292,2023/10/05,Thu,Australia,Aioli Grilled Chicken McWrap,10.80,6.82,Chicken & Fish,Regular Menu
293,2023/10/05,Thu,Australia,Caesar Grilled Chicken McWrap,10.80,6.82,Chicken & Fish,Regular Menu
294,2023/10/05,Thu,Australia,Caesar Crispy Chicken McWrap,10.80,6.82,Chicken & Fish,Regular Menu
295,2023/10/05,Thu,Australia,Aioli Crispy Chicken McWrap,10.80,6.82,Chicken & Fish,Regular Menu
296,2023/10/05,Thu,Australia,Grilled Chicken Snack Wrap,5.70,3.60,Chicken & Fish,Regular Menu
297,2023/10/05,Thu,Australia,Classic Crispy Chicken Salad,12.15,7.68,Chicken & Fish,Regular Menu
298,2023/10/05,Thu,Australia,Caesar Crispy Chicken Salad,12.15,7.68,Chicken & Fish,Regular Menu
299,2023/10/05,Thu,Australia,Garden Salad,5.85,3.70,Chicken & Fish,Regular Menu
300,2023/10/05,Thu,Australia,Classic Grilled Chicken Salad,12.15,7.68,Chicken & Fish,Regular Menu
301,2023/10/05,Thu,Australia,Caesar Grilled Chicken Salad,12.15,7.68,Chicken & Fish,Regular Menu
302,2023/10/05,Thu,Australia,McChicken Burger,8.20,5.18,Chicken & Fish,Regular Menu
303,2023/10/05,Thu,Australia,Chicken McNuggets 3pc Happy Meal,8.00,5.06,Happy Meals,Regular Menu
304,2023/10/05,Thu,Australia,Chicken McNuggets 6pc Happy Meal,10.85,6.86,Happy Meals,Regular Menu
305,2023/10/05,Thu,Australia,Cheeseburger Happy Meal,8.00,5.06,Happy Meals,Regular Menu
306,2023/10/05,Thu,Australia,Grilled Chicken Snack Wrap Happy Meal,8.00,5.06,Happy Meals,Regular Menu
307,2023/10/05,Thu,Australia,Grape Tomatoes,3.35,2.12,Happy Meals,Regular Menu
308,2023/10/05,Thu,Australia,Apple Slices,3.70,2.34,Happy Meals,Regular Menu
309,2023/10/05,Thu,Australia,Aioli Grilled Chicken McWrap,10.80,6.82,Wraps & Salads,Regular Menu
310,2023/10/05,Thu,Australia,Caesar Grilled Chicken McWrap,10.80,6.82,Wraps & Salads,Regular Menu
311,2023/10/05,Thu,Australia,Caesar Crispy Chicken McWrap,10.80,6.82,Wraps & Salads,Regular Menu
312,2023/10/05,Thu,Australia,Aioli Crispy Chicken McWrap,10.80,6.82,Wraps & Salads,Regular Menu
313,2023/10/05,Thu,Australia,Grilled Chicken Snack Wrap,5.70,3.60,Wraps & Salads,Regular Menu
314,2023/10/05,Thu,Australia,Classic Crispy Chicken Salad,12.15,7.68,Wraps & Salads,Regular Menu
315,2023/10/05,Thu,Australia,Caesar Crispy Chicken Salad,12.15,7.68,Wraps & Salads,Regular Menu
316,2023/10/05,Thu,Australia,Garden Salad,5.85,3.70,Wraps & Salads,Regular Menu
317,2023/10/05,Thu,Australia,Classic Grilled Chicken Salad,12.15,7.68,Wraps & Salads,Regular Menu
318,2023/10/05,Thu,Australia,Caesar Grilled Chicken Salad,12.15,7.68,Wraps & Salads,Regular Menu
319,2023/10/05,Thu,Australia,Chicken McNuggets - 20pc,15.65,9.89,Chicken McNuggets,Regular Menu
320,2023/10/05,Thu,Australia,Chicken McNuggets - 10pc,10.40,6.57,Chicken McNuggets,Regular Menu
321,2023/10/05,Thu,Australia,Chicken McNuggets - 6pc,8.40,5.31,Chicken McNuggets,Regular Menu
322,2023/10/05,Thu,Australia,Chicken McNuggets - 3pc,5.40,3.41,Chicken McNuggets,Regular Menu
323,2023/10/05,Thu,Australia,Chicken McNuggets - 40pc,29.45,18.61,Chicken McNuggets,Regular Menu
324,2023/10/05,Thu,Australia,Mozzarella Sticks,4.25,2.69,Snacks & Fries,Regular Menu
325,2023/10/05,Thu,Australia,Hash Brown,3.40,2.15,Snacks & Fries,Regular Menu
326,2023/10/05,Thu,Australia,Chicken 'n' Cheese,6.10,3.85,Snacks & Fries,Regular Menu
327,2023/10/05,Thu,Australia,Cheeseburger,4.90,3.10,Snacks & Fries,Regular Menu
328,2023/10/05,Thu,Australia,Raspberry & Custard Pie,3.80,2.40,Snacks & Fries,Regular Menu
329,2023/10/05,Thu,Australia,Hot Apple Pie,3.80,2.40,Snacks & Fries,Regular Menu
330,2023/10/05,Thu,Australia,Hamburger,4.30,2.72,Snacks & Fries,Regular Menu
331,2023/10/05,Thu,Australia,Apple Slices,3.70,2.34,Snacks & Fries,Regular Menu
332,2023/10/05,Thu,Australia,Chicken McNuggets - 6pc,8.40,5.31,Snacks & Fries,Regular Menu
333,2023/10/05,Thu,Australia,Chicken McNuggets - 3pc,5.40,3.41,Snacks & Fries,Regular Menu
334,2023/10/05,Thu,Australia,Grape Tomatoes,3.35,2.12,Snacks & Fries,Regular Menu
335,2023/10/05,Thu,Australia,Yoplait Miam Strawberry Yoghurt,3.80,2.40,Snacks & Fries,Regular Menu
336,2023/10/05,Thu,Australia,McDonaldland Cookies,1.90,1.20,Snacks & Fries,Regular Menu
337,2023/10/05,Thu,Australia,Quarter Pounder Burger,8.15,5.15,Snacks & Fries,Regular Menu
338,2023/10/05,Thu,Australia,Grilled Chicken Snack Wrap,5.70,3.60,Snacks & Fries,Regular Menu
339,2023/10/05,Thu,Australia,Large Fries,4.65,2.94,Snacks & Fries,Regular Menu
340,2023/10/05,Thu,Australia,Hash Brown,3.40,2.15,Extended Breakfast,Regular Menu
341,2023/10/05,Thu,Australia,Apple Crumble Muffin,5.00,3.16,Extended Breakfast,Regular Menu
342,2023/10/05,Thu,Australia,Small Birthday Cake Flavoured Latte,5.65,3.57,McCafe Drinks,Regular Menu
343,2023/10/05,Thu,Australia,Small Birthday Cake Flavoured Iced Latte,7.90,4.99,McCafe Drinks,Regular Menu
344,2023/10/05,Thu,Australia,Small Iced Latté McCafé,5.50,3.48,McCafe Drinks,Regular Menu
345,2023/10/05,Thu,Australia,Small Cappuccino McCafe,5.15,3.25,McCafe Drinks,Regular Menu
346,2023/10/05,Thu,Australia,Small Latté McCafe,5.15,3.25,McCafe Drinks,Regular Menu
347,2023/10/05,Thu,Australia,Small Flat White McCafe,5.15,3.25,McCafe Drinks,Regular Menu
348,2023/10/05,Thu,Australia,Small Mocha McCafe,5.30,3.35,McCafe Drinks,Regular Menu
349,2023/10/05,Thu,Australia,Small Long Black McCafe,5.15,3.25,McCafe Drinks,Regular Menu
350,2023/10/05,Thu,Australia,Small Chai Latte McCafé,5.10,3.22,McCafe Drinks,Regular Menu
351,2023/10/05,Thu,Australia,Small Hot Chocolate McCafé,4.90,3.10,McCafe Drinks,Regular Menu
352,2023/10/05,Thu,Australia,Espresso McCafé,4.10,2.59,McCafe Drinks,Regular Menu
353,2023/10/05,Thu,Australia,Macchiato McCafé,4.10,2.59,McCafe Drinks,Regular Menu
354,2023/10/05,Thu,Australia,Piccolo Latte,4.10,2.59,McCafe Drinks,Regular Menu
355,2023/10/05,Thu,Australia,Small McCafé Deluxe Iced Coffee,7.60,4.80,McCafe Drinks,Regular Menu
356,2023/10/05,Thu,Australia,Small Iced Chocolate McCafé,5.75,3.63,McCafe Drinks,Regular Menu
357,2023/10/05,Thu,Australia,Small Iced Mocha McCafé,5.50,3.48,McCafe Drinks,Regular Menu
358,2023/10/05,Thu,Australia,Small Iced Chai Latte McCafé,5.15,3.25,McCafe Drinks,Regular Menu
359,2023/10/05,Thu,Australia,Small Iced Long Black - McCafé,5.25,3.32,McCafe Drinks,Regular Menu
360,2023/10/05,Thu,Australia,Zoetic Earl Grey Tea,4.25,2.69,McCafe Drinks,Regular Menu
361,2023/10/05,Thu,Australia,Zoetic Green Tea,4.25,2.69,McCafe Drinks,Regular Menu
362,2023/10/05,Thu,Australia,Zoetic English Breakfast Tea,4.25,2.69,McCafe Drinks,Regular Menu
363,2023/10/05,Thu,Australia,Zoetic Peppermint Tea,4.25,2.69,McCafe Drinks,Regular Menu
364,2023/10/05,Thu,Australia,Small Flavoured Iced Latte McCafé,6.40,4.04,McCafe Drinks,Regular Menu
365,2023/10/05,Thu,Australia,MILO® McFlurry,6.80,4.30,Desserts,Regular Menu
366,2023/10/05,Thu,Australia,Raspberry & Custard Pie McFlurry,6.80,4.30,Desserts,Regular Menu
367,2023/10/05,Thu,Australia,OREO® McFlurry,6.80,4.30,Desserts,Regular Menu
368,2023/10/05,Thu,Australia,M&M'S® MINIS McFlurry,6.80,4.30,Desserts,Regular Menu
369,2023/10/05,Thu,Australia,Raspberry & Custard Pie,3.80,2.40,Desserts,Regular Menu
370,2023/10/05,Thu,Australia,Hot Apple Pie,3.80,2.40,Desserts,Regular Menu
371,2023/10/05,Thu,Australia,Strawberry Sundae,5.20,3.29,Desserts,Regular Menu
372,2023/10/05,Thu,Australia,Hot Fudge Sundae,5.20,3.29,Desserts,Regular Menu
373,2023/10/05,Thu,Australia,Caramel Sundae,5.20,3.29,Desserts,Regular Menu
374,2023/10/05,Thu,Australia,McDonaldland Cookies,1.90,1.20,Desserts,Regular Menu
375,2023/10/05,Thu,Australia,Apple Crumble Muffin,5.00,3.16,Desserts,Regular Menu
376,2023/10/05,Thu,Australia,Double Choc Muffin,5.00,3.16,Desserts,Regular Menu
377,2023/10/05,Thu,Australia,Small Coke®,4.30,2.72,Soft Drinks,Regular Menu
378,2023/10/05,Thu,Australia,Small Coke® Zero Sugar,4.30,2.72,Soft Drinks,Regular Menu
379,2023/10/05,Thu,Australia,Small Vanilla Coke®,4.30,2.72,Soft Drinks,Regular Menu
380,2023/10/05,Thu,Australia,Small Sprite® Zero Sugar,4.30,2.72,Soft Drinks,Regular Menu
381,2023/10/05,Thu,Australia,Small Fanta®,4.30,2.72,Soft Drinks,Regular Menu
382,2023/10/05,Thu,Australia,Small Sparkling Water,4.30,2.72,Soft Drinks,Regular Menu
383,2023/10/05,Thu,Australia,Small Chocolate Shake,5.65,3.57,Shakes & Frappes,Regular Menu
384,2023/10/05,Thu,Australia,Small Strawberry Shake,5.65,3.57,Shakes & Frappes,Regular Menu
385,2023/10/05,Thu,Australia,Small Vanilla Shake,5.65,3.57,Shakes & Frappes,Regular Menu
386,2023/10/05,Thu,Australia,Medium Chocolate Frappé,6.45,4.08,Shakes & Frappes,Regular Menu
387,2023/10/05,Thu,Australia,Medium Coffee Frappé,6.45,4.08,Shakes & Frappes,Regular Menu
388,2023/10/05,Thu,Australia,Medium Salted Caramel Frappé,6.45,4.08,Shakes & Frappes,Regular Menu
389,2023/10/05,Thu,Australia,Small Orange Juice,5.10,3.22,Juice & Bottled Drinks,Regular Menu
390,2023/10/05,Thu,Australia,Small Orange Fruit Drink,5.10,3.22,Juice & Bottled Drinks,Regular Menu
391,2023/10/05,Thu,Australia,Apple Juice 250mL,4.75,3.00,Juice & Bottled Drinks,Regular Menu
392,2023/10/05,Thu,Australia,Bottled Water 250mL,4.35,2.75,Juice & Bottled Drinks,Regular Menu
393,2023/10/05,Thu,Australia,CalciYum™ Chocolate Flavoured Milk,5.15,3.25,Juice & Bottled Drinks,Regular Menu
394,2023/10/05,Thu,Australia,Bottled Water 600mL,5.15,3.25,Juice & Bottled Drinks,Regular Menu
395,2023/10/05,Thu,Australia,Truffle Flavoured Mayo,0.75,0.47,Condiments,Regular Menu
396,2023/10/05,Thu,Australia,Spicy Buffalo Sauce,0.75,0.47,Condiments,Regular Menu
397,2023/10/05,Thu,Australia,Outback BBQ Sauce,0.75,0.47,Condiments,Regular Menu
398,2023/10/05,Thu,Australia,Wasabi Flavoured Mayo,0.75,0.47,Condiments,Regular Menu
399,2023/10/05,Thu,Australia,Tomato Chilli Jam,0.75,0.47,Condiments,Regular Menu
400,2023/10/05,Thu,Australia,Mustard Sauce,0.75,0.47,Condiments,Regular Menu
401,2023/10/05,Thu,Australia,Barbecue Sauce,0.75,0.47,Condiments,Regular Menu
402,2023/10/05,Thu,Australia,Sweet 'n Sour Sauce,0.75,0.47,Condiments,Regular Menu
403,2023/10/05,Thu,Australia,Aioli Sauce Tub,0.75,0.47,Condiments,Regular Menu
404,2023/10/05,Thu,Australia,Big Mac Special Sauce,0.75,0.47,Condiments,Regular Menu
405,2023/10/05,Thu,Australia,Ketchup,0.30,0.19,Condiments,Regular Menu
406,2023/10/05,Thu,Australia,McChicken Sauce,0.75,0.47,Condiments,Regular Menu
407,2023/10/05,Thu,Australia,Bottled Water 600mL,5.15,3.25,RMHC Support,Regular Menu
